type	oid	keeper_has_object	path	disposition
commit	b516991d914d23f6de170c8fb6bb3111d2e9315e	no		PRIVATE_LOCAL_STATE: source range retained; no integration decision here
commit	ae142400397fa4df0a1f9d6252c81680e930fd44	no		PRIVATE_LOCAL_STATE: source range retained; no integration decision here
commit	0e089acd5d0974b3b04b7983e0200da07da24ad6	no		PRIVATE_LOCAL_STATE: source range retained; no integration decision here
tree	63d37fc4f806ba210a6ce7c48a728488e0481c01	yes		ALREADY_PRESENT_IN_KEEPER_OBJECT_STORE
tree	6e0cbcb22c8daa852fba34d332161bd0de994d48	yes	.github-gen	ALREADY_PRESENT_IN_KEEPER_OBJECT_STORE
blob	cc1352a2d08f1a6a06a84d41d005cc9627a091a3	yes	.github-gen/velnor-workflow.toml	ALREADY_PRESENT_IN_KEEPER_OBJECT_STORE
tree	44107394696a1463b1386f0f0cdc8c7d70a8de8a	yes	.github	ALREADY_PRESENT_IN_KEEPER_OBJECT_STORE
tree	090461af689c40fd8aafb24b3beb4c44c08cbfe9	yes	.github/ci	ALREADY_PRESENT_IN_KEEPER_OBJECT_STORE
blob	cf69af5ba4dba9f0d73a86df8a5749a7f24622cb	yes	.github/ci/.github-actions-generator-state	ALREADY_PRESENT_IN_KEEPER_OBJECT_STORE
tree	1cbfdaabdf9840859bd3b4f636e9ff37fbf955a4	yes	.github/workflows	ALREADY_PRESENT_IN_KEEPER_OBJECT_STORE
blob	e926a2dbe1a89f4d3feb5e3922357bfbf46a8af7	yes	.github/workflows/release.yml	ALREADY_PRESENT_IN_KEEPER_OBJECT_STORE
tree	446b70520270400a4a870a951a363b1bbe6b6ce9	yes	plans	ALREADY_PRESENT_IN_KEEPER_OBJECT_STORE
tree	e5dfacfdb424661681b1096c0698760fd01a7bbb	yes	plans/cicd-reliability	ALREADY_PRESENT_IN_KEEPER_OBJECT_STORE
blob	0af58eb99e27d7ed7b6a4ac40baa1d6ab95d89f8	yes	plans/cicd-reliability/CARRIED-FAILURES.md	ALREADY_PRESENT_IN_KEEPER_OBJECT_STORE
blob	559a7bcb9d7f78af18590c7403a975db7a816923	yes	plans/cicd-reliability/EXECUTION.md	ALREADY_PRESENT_IN_KEEPER_OBJECT_STORE
blob	747cf6f10e482450d4dba2e106569da5029575a7	yes	plans/cicd-reliability/FAILURE_LEDGER.md	ALREADY_PRESENT_IN_KEEPER_OBJECT_STORE
tree	4fa553e5f08a99b4209e19acc17e0d3f11a4dfd6	no		PRIVATE_LOCAL_STATE: retained in bundle
tree	cc8677ced066bc22c0401d58f82d5e9c37529329	no	.github	PRIVATE_LOCAL_STATE: retained in bundle
tree	6fe9928cb9e99a2ba7a8bd6f70cf42aebe639358	no	.github/ci	PRIVATE_LOCAL_STATE: retained in bundle
blob	8c04714f6efb4e6e08f6cef3dc2abe7a75eebbb0	no	.github/ci/.github-actions-generator-state	PRIVATE_LOCAL_STATE: retained in bundle
tree	6d2396bb7fe9e953bb0da4a4421c9300e4a3fb7c	no		PRIVATE_LOCAL_STATE: retained in bundle
