path	bytes	mode	sha256
architect-image-verify-20261005-r10/run-818ea17a727e-20261005T142805Z/runtime-probe.sh	12260	600	c7de007bc076d4a5c36dd5af24f0fbc50da663c344dafa09346446082884ac58
architect-image-verify-20261005-r10/run-c2e956b33f6e-20261005T140121Z/runtime-probe.sh	12160	600	96db0f510895dfa371791905509084293719859a31b89119a920b02561c22b13
architect-image-verify-20261005-r10/runner.py	54390	600	ff2f2ad9c03fe05049e29469e930fd794be7da20325bbb1931a1a5e347690b47
architect-image-verify-20261005-r10/test_runner.py	28161	600	eeffb31fbe9497b3bc3df6434840d587c5433b79ee6fdafc17d3386aabfb94e6
architect-image-verify-20261005-r10/validate_static.py	5909	600	9903cc649d2fa77c92f601249185aef13670a569caa1cfa4fc4e5ccee64beb0b
architect-image-verify-20261005-r11/run-818ea17a727e-20261005T142805Z/runtime-probe.sh	12260	600	c7de007bc076d4a5c36dd5af24f0fbc50da663c344dafa09346446082884ac58
architect-image-verify-20261005-r11/run-c2e956b33f6e-20261005T140121Z/runtime-probe.sh	12160	600	96db0f510895dfa371791905509084293719859a31b89119a920b02561c22b13
architect-image-verify-20261005-r11/runner.py	59712	600	c96dd68f5db621760d5585e19be0c56829bb45dd80c405e33e0854f9bff99290
architect-image-verify-20261005-r11/test_runner.py	34641	600	ac40255e28f892f6f73cc86995653fd2fed271fdbaaa658a6aedbff0815689c7
architect-image-verify-20261005-r11/validate_static.py	5989	600	76c68c7e20586efb904b6bb7d736402cf1e255b750655ec48c1416b6346774fe
architect-image-verify-20261005-r12/run-818ea17a727e-20261005T142805Z/runtime-probe.sh	12260	600	c7de007bc076d4a5c36dd5af24f0fbc50da663c344dafa09346446082884ac58
architect-image-verify-20261005-r12/run-818ea17a727e-20261005T152832Z/runtime-probe.sh	19507	600	d242f5281fe2b0daf2b470679a054e0842363beb402b8ea3fda5901809fcf80a
architect-image-verify-20261005-r12/run-c2e956b33f6e-20261005T140121Z/runtime-probe.sh	12160	600	96db0f510895dfa371791905509084293719859a31b89119a920b02561c22b13
architect-image-verify-20261005-r12/runner.py	61891	600	39798013dde608ed94231db4531b7c0e36a0d059cfcf509f11c596a7c435642b
architect-image-verify-20261005-r12/test_runner.py	40170	600	721255ccba4c5f1b29694c6e171635da3354fe3bff59bd4f008db80c0baf517d
architect-image-verify-20261005-r12/validate_static.py	5989	600	09dbe397218521d0ed0adb2ac975320ce3e33d6dc4b93358168eb052635b8104
architect-image-verify-20261005-r13/run-818ea17a727e-20261005T142805Z/runtime-probe.sh	12260	600	c7de007bc076d4a5c36dd5af24f0fbc50da663c344dafa09346446082884ac58
architect-image-verify-20261005-r13/run-818ea17a727e-20261005T152832Z/runtime-probe.sh	19507	600	d242f5281fe2b0daf2b470679a054e0842363beb402b8ea3fda5901809fcf80a
architect-image-verify-20261005-r13/run-818ea17a727e-20261005T153849Z/runtime-probe.sh	20548	600	e85dd7284926b519162dfcf7178d1a911e5d33235c544c1c182fcb18a81b61d4
architect-image-verify-20261005-r13/run-c2e956b33f6e-20261005T140121Z/runtime-probe.sh	12160	600	96db0f510895dfa371791905509084293719859a31b89119a920b02561c22b13
architect-image-verify-20261005-r13/runner.py	62940	600	6ea4451d42003f62b90339bef4eaffd54aee39ea6aca5825fd2d80e55b1f3ef1
architect-image-verify-20261005-r13/test_runner.py	42839	600	b7c483f4b04ffd33dfd089777950cb1b69583cd02b73b4669f5490374dc8a007
architect-image-verify-20261005-r13/validate_static.py	5989	600	0a49df9014915c9ad7e4b70d1f67d2b50a907c0fc114570dddbda4a59e359a5a
architect-image-verify-20261005-r14/runner.py	62940	600	37778e7f494cc19b6b512fb3de2615e51cac43e839feceaf20d003ff77ef78a0
architect-image-verify-20261005-r14/test_runner.py	42839	600	affa846972edeceddada4e393fa165fcd6ee61ac6ac337f8bcbabcfea2fd90fa
architect-image-verify-20261005-r14/validate_static.py	5989	600	fea7a6921c7a6615281a9391ded800b7fa1bf5397767c85a255d1d078f9ea442
architect-image-verify-20261005-r14b/context-source-audit/maintained-image-build/read-mise-tool-version.sh	754	755	597de748b4ca625fa8a603d16ddb50c9936254b42502f4d4f26a2ebc0c8723b1
architect-image-verify-20261005-r14b/runner.py	67419	600	ead28ac7148d9a79ece586d8191980bd5b2c442c425fd818e50a55b4ce857a35
architect-image-verify-20261005-r14b/test_runner.py	44597	600	d150664661997c4d82bda7a3e22689c969801b1cf2f79079d50145efe9577263
architect-image-verify-20261005-r14b/validate_static.py	5990	600	1f855214032a123477b478be38f3337f293b9511054176bf4c9e8f21a6e499c1
architect-image-verify-20261005-r14c/context-source-audit/maintained-image-build/read-mise-tool-version.sh	754	755	597de748b4ca625fa8a603d16ddb50c9936254b42502f4d4f26a2ebc0c8723b1
architect-image-verify-20261005-r14c/run-2489d1e1d787-20261005T185906Z/context/maintained-image-build/read-mise-tool-version.sh	754	755	597de748b4ca625fa8a603d16ddb50c9936254b42502f4d4f26a2ebc0c8723b1
architect-image-verify-20261005-r14c/run-2489d1e1d787-20261005T185906Z/runtime-probe.sh	20548	600	e85dd7284926b519162dfcf7178d1a911e5d33235c544c1c182fcb18a81b61d4
architect-image-verify-20261005-r14c/runner.py	67419	600	6f2d49f8e67dd2dc42acae0bf0f9a510b3000a69b998d948b059fcda1a39e9cb
architect-image-verify-20261005-r14c/test_runner.py	44980	600	69eb1a56d1b7b3bf0c3100cdedbef93eba951932b632e4600b33f589a367cd5b
architect-image-verify-20261005-r14c/validate_static.py	5990	600	52c59ce21b489ac405b7066a4d6a8055ab6609ae894672060b5407a1f919d7b7
architect-image-verify-20261005-r2/runner.py	38347	600	bc141e16b88a6c1ff51980466947c371ccef8fa2c903f35b2a4a6666e38a10fc
architect-image-verify-20261005-r2/test_runner.py	13378	600	f3b7c536a468b5e2ecb994d0df4c790910763d4e57550cf487c15e68ed9447f1
architect-image-verify-20261005-r3/runner.py	38488	600	7b9617eb7f1e3f322ca8406302e3002bfe17f54959c74b4d596c51591d6fe66e
architect-image-verify-20261005-r3/test_runner.py	14104	600	eaf204cd72e5d3e98e35da6af0c2dfd70b30b165b78085bc89fefdfe109ff553
architect-image-verify-20261005-r4/runner.py	38484	600	6e898d5971330da04a7b6a9e8e0e217ad7550122cc0208b65c65f855cc6849aa
architect-image-verify-20261005-r4/test_runner.py	16498	600	349d136bbc4ab0285409b3ff8fc01d0c4445a1c7233f364815c648f11f3c6d8d
architect-image-verify-20261005-r5/runner.py	40984	600	f0cde4584580d3a1e1c45f31dfd3213482b4125e1a027eade9deef92cdd64239
architect-image-verify-20261005-r5/test_runner.py	16498	600	349d136bbc4ab0285409b3ff8fc01d0c4445a1c7233f364815c648f11f3c6d8d
architect-image-verify-20261005-r6/runner.py	47160	600	329d896afe312ac4355d257fd7393594df28d07f3d7ce6cda766ac66519d5789
architect-image-verify-20261005-r6/test_runner.py	19280	600	8d56a27f51e59fad3147bc32bb355297240e48c662e911066612d05018eb4dac
architect-image-verify-20261005-r7/run-035e775390bc-20261005T131730Z/runtime-probe.sh	13044	600	35f56988e4397d74485aae7d72d88eb900c258170053c9fbe3091c7554ab6a18
architect-image-verify-20261005-r7/runner.py	53987	600	d73190bab64c63cafe5f2a1cbb5b14ccce9b32381d2b20e4f0bc210b8f653185
architect-image-verify-20261005-r7/test_runner.py	20000	600	97a38bbf5fc4bfeeba52ffae68451ccfbad53eac5b537cc05c5ac250c3508ffe
architect-image-verify-20261005-r7/validate_static.py	4920	600	e49fd1cc5f700b721de479d4a562047f04c4c241de90bd687eba60aa31a733fd
architect-image-verify-20261005-r8/run-035e775390bc-20261005T133857Z/runtime-probe.sh	13233	600	dd9eb153d271eeda7a438072d3caf3a8c854612fbfb15386426cd4efb01ffdfb
architect-image-verify-20261005-r8/runner.py	60857	600	d16c80d249942a082056d83bd4ab87beaadab42f72fed5e01cc6c408bfc32d68
architect-image-verify-20261005-r8/test_runner.py	24414	600	3bb3a97626da5e83db9817c1642b84ceb541608d8fa8b9b8123961c1d9faf0b8
architect-image-verify-20261005-r8/validate_static.py	4920	600	02678e8429eee276022ab5a4300f70838a3666e1290b4cc81cb59951e9da99fc
architect-image-verify-20261005-r9/run-c2e956b33f6e-20261005T140121Z/runtime-probe.sh	12160	600	96db0f510895dfa371791905509084293719859a31b89119a920b02561c22b13
architect-image-verify-20261005-r9/runner.py	53926	600	832c43374a1f9c9c9088984a1bf2015a0532a5f04913ac6c8749218189dfc724
architect-image-verify-20261005-r9/test_runner.py	23761	600	4af429fd1fc3bbaf47b8f2a2d7aabd055497df0eec13f9c938bdbeae6d0ea210
architect-image-verify-20261005-r9/validate_static.py	4920	600	05dec1ca010b44021e7a0b943368676ab760edd7afc01d9e7732c668575d924a
architect-image-verify-20261005/runner.py	30938	600	8481e9a7975a711cd48b3b393523ed4a3d4734599ee54780f038c509dd56922a
architect-image-verify-20261005/test_runner.py	7840	600	8a0c6793b7b53cf14347a33a380f08ac9f3bd1ce40fd950fac8f35c187a37034
